,Заголовок,Тело,Время
0,Новая заметка 1,как дела? ,2023-02-09 12:37:35.839957
1,Новая заметка 1,как дела?11111 ,2023-03-09 12:37:35.839957
2,Новая заметка 1,как делаjkhgfvhjgas? ,2023-04-09 12:37:35.839957
3,Новая заметка 1,как деsvssdvла? ,2023-04-09 12:37:35.839957
4,Новая заметка 1,как деsvsdsdsvssла? ,2023-04-09 12:37:35.839957
5,Новая заметка 1,как деscdcsdsла? ,2023-04-09 12:37:35.839957
6,Новая заметка 1,как svsdvsdvдела? ,2023-04-09 12:37:35.839957
7,Новая заметка 1,как дssvела? ,2023-04-05 12:37:35.839957
8,Новая заметка 1,как дsvvdsvsела? ,2021-04-09 12:37:35.839957
8,Новая заметка 1,как дsvvdsvsела? ,2021-04-09 12:37:35.839957
8,Новая заметка 1,как дsvvdsvsела? ,2021-04-09 12:37:35.839957
8,Новая заметка 1,как дsvvdsvsела? ,2021-04-09 12:37:35.839957
8,Новая заметка 1,как дsvvdsvsела? ,2021-04-09 12:37:35.839957
8,Новая заметка 1,как дsvvdsvsела? ,2021-04-09 12:37:35.839957
8,Новая заметка 1,как дsvvdsvsела? ,2021-04-09 12:37:35.839957
8,Новая заметка 1,как дsvvdsvsела? ,2021-04-09 12:37:35.839957
8,Новая заметка 1,как дsvvdsvsела? ,2021-04-09 12:37:35.839957
8,Новая заметка 1,как дsvvdsvsела? ,2021-04-09 12:37:35.839957
8,Новая заметка 1,как дsvvdsvsела? ,2021-04-09 12:37:35.839957



